firstNames,lastNames
涼涼,牡丹
指尖,木荷
素顏,丁香
財神,大麗
薄涼,臘梅
千城,木筆
匆匆,紫荊
風袖,連翹
輕霧,金鐘
聲色,春娟
記憶,石榴
泛白,紅蓼
藍天,白蘭
淺暖,茉莉
餘音,梔子
半夏,芙蓉
初見,兔牙
沙礫,銀芽
曠工,山茶
唯一,杜鵑
釋懷,春蘭
夏末,慈菇
花落,稠李
餘溫,羅蘭
網名,夏蘭
湛藍,石竹
木槿,石蒜
夏時,青禾
橙熟,睡蓮
陌然,建蘭
安瑾,鈴蘭
孤念,報歲
初衷,翠菊
南鳶,香堇
妖孽,水仙
淺槿,草蘭
顧念,紅掌
淚瞳,馬藺
含苞,蘆薈
晝夜,香薊
寧靜,玉簪
淡雅,報春
廣闊,曇花
優美,鳳仙
悠遠,醉蝶
生動,錦葵
詩意,銀葉
含蓄,常夏
深邃,玫瑰
銀月,月季
秋水,桔梗
落紅,鳶尾
日影,火鶴
青煙,蕙蘭
淡語,綠蘿
朽葉,針葵
蘇芳,春榆
薄香,春羽
赤染,棕竹
燕脂,朱蕉
栗梅,蘇鐵
青碧,玖蘭
儒林,韭蘭
錦瑟,吊竹
流月,鳳梨
紅袖,花葉
輕傷,百合
碧痕,雛菊
清弄,月莧
雪沫,月見
青笙,含笑
余落,米蘭
兮倩,迎春
顧言,紫薇
頤玖,海棠
柒染,櫻花
陸生,鐵蘭
夕顏,罌栗
于蘭,含羞
欣戀,紫藤
紫萱,玉蘭
碧瑩,合歡
幻真,薔薇
星月,茼蒿
化羽,扶桑
山嵐,萱草
星語,凌霄
風蕭,藿香
滄瀾,白芨
浸沒,刺槐
醉月,地黃
舞紗,棣棠
佳榮,芍藥
明秀,莪朮
歸云,夜合
漣漪,刺桐
洛塵,茶梅
桑染,絡石
青竹,結香
無聲,告白
壹世,夙願
半世,流離
花開,獨仙
耐人,尋味
雲水,人生
思念,成癮
櫻蘭,靜雪
清酒,沾衣
南鸢,離夢
蝶舞,輕盈
靜聽,年華
顧戀,輕塵
墨染,流雲
蒹葭,蒼蒼
魚書,雁信
染黛,如詩
南風,過熙
酒笙,清梔
素年,涼音
沐兮,陌墨
南熙,寒笙
浮生,陌人
淺陌,初心
淺墨,入畫
墨羽,塵曦
博楓,影月
翼羽,博心
雨博,韻瀟
踏晨,雨燕
驚落,梧桐
淡墨,文竹
景安,若岸
暮景,許念
倉央,兮措
靜水,流深
如煙,若夢
翰墨,琉璃
煙暖,初妝
冷香,金倪
斜攬,殘蕭
白壁,微瑕
丹楓,深濃
玄夜,舞墨
墨塵 ,若弦
藝抹,離殤
碧譚,飄雪
風輕,語落
婉約,瀟湘
瀟宣,雨夢
